mode,modules,fns,density,generic_slots,distinct_keys,threads,median_ms,q1_ms,q3_ms,reps
deferred,1000,16,1,64000,7877,seq,1558.19,1554.96,1559.63,7
content,1000,16,1,64000,7877,seq,1500.40,1499.09,1504.71,7
deferred,1000,16,1,64000,7877,1,1583.86,1582.55,1584.93,7
content,1000,16,1,64000,7877,1,1526.48,1525.76,1531.01,7
deferred,1000,16,1,64000,7877,2,876.80,873.60,884.13,7
content,1000,16,1,64000,7877,2,849.26,848.48,861.53,7
deferred,1000,16,1,64000,7877,4,650.91,643.58,662.23,7
content,1000,16,1,64000,7877,4,602.53,579.95,608.67,7
deferred,1000,16,1,64000,7877,8,426.54,422.81,465.26,7
content,1000,16,1,64000,7877,8,413.20,409.74,418.55,7
deferred,1000,16,1,64000,7877,16,335.22,334.70,363.44,7
content,1000,16,1,64000,7877,16,325.51,318.78,339.27,7
deferred,1000,16,1,64000,7877,32,271.78,270.92,274.38,7
content,1000,16,1,64000,7877,32,264.60,263.39,265.15,7
deferred,1000,16,1,64000,7877,48,259.80,258.76,260.17,7
content,1000,16,1,64000,7877,48,251.34,249.68,252.75,7
